iLISI_pre,iLISI_post,cLISI_pre,cLISI_post,n_cohorts,n_lineages
1.7133381590194436,2.033016059064754,2.5473357997349044,2.674639167110885,3,8
